"Passenger Name","Journey","From","To","Train","Departure Date","Departure Time","Arrival Date","Arrival Time","Boarded At","Journey UUID"
"tom woj","OUTBOUND","STATION","ENGINE SHED","THOMAS","2019-03-01","10:00:00","2019-03-01","10:20:00","","45c0a2fe-8d57-41d4-ba22-219abf53da0a"
"tom woj","RETURN","ENGINE SHED","STATION","IVOR","2019-03-01","11:00:00","2019-03-01","11:20:00","","9ee4ec48-f3e0-4ffb-8f28-485d9d48589d"
"rob woj","OUTBOUND","STATION","ENGINE SHED","THOMAS","2019-03-01","10:00:00","2019-03-01","10:20:00","","f41167cf-9e0b-4c87-a6cd-e63159287055"
"rob woj","RETURN","ENGINE SHED","STATION","IVOR","2019-03-01","11:00:00","2019-03-01","11:20:00","","dfe0f459-2e55-4343-8a6a-0ca5fddfcf81"
"tom","OUTBOUND","STATION","ENGINE SHED","THOMAS","2019-03-01","10:00:00","2019-03-01","10:20:00","","b3556f6d-3eab-4fc6-9053-c71b78068221"
"tom","RETURN","ENGINE SHED","STATION","IVOR","2019-03-01","11:00:00","2019-03-01","11:20:00","","a8fe15b7-d149-4976-aa39-ca2917a1fd52"
"jane","OUTBOUND","STATION","ENGINE SHED","THOMAS","2019-03-01","10:00:00","2019-03-01","10:20:00","","6439726e-85b1-40e7-83a0-01842836a959"
"jane","RETURN","ENGINE SHED","STATION","IVOR","2019-03-01","11:00:00","2019-03-01","11:20:00","","3998acbb-0353-4115-a30e-6147deb9581a"
"john woj","OUTBOUND","STATION","ENGINE SHED","THOMAS","2019-03-01","10:00:00","2019-03-01","10:20:00","","41f0ad33-1179-4095-b366-58fc0c7648e6"
"john woj","RETURN","ENGINE SHED","STATION","IVOR","2019-03-01","11:00:00","2019-03-01","11:20:00","","02b30a7c-ac5b-4694-9336-b5b22d1d4f1a"
"a","OUTBOUND","STATION","ENGINE SHED","THOMAS","2019-03-01","11:00:00","2019-03-01","11:20:00","","f521ea60-f076-4226-b95d-f035e6086b5b"
"a","RETURN","ENGINE SHED","STATION","IVOR","2019-03-01","12:00:00","2019-03-01","12:20:00","","47f93693-5f2a-443c-b9c1-e70d156c2cd8"
"b","OUTBOUND","STATION","ENGINE SHED","THOMAS","2019-03-01","11:00:00","2019-03-01","11:20:00","","60927850-ee0f-43ab-b47c-d7974887968e"
"b","RETURN","ENGINE SHED","STATION","IVOR","2019-03-01","12:00:00","2019-03-01","12:20:00","","fbe161d0-23cf-46ca-bafe-d6f30cf17c4d"
"c","OUTBOUND","STATION","ENGINE SHED","THOMAS","2019-03-01","11:00:00","2019-03-01","11:20:00","","831c9890-3f78-4603-adc8-180f8de331e0"
"c","RETURN","ENGINE SHED","STATION","IVOR","2019-03-01","12:00:00","2019-03-01","12:20:00","","8bc69a15-c40e-4459-bc7e-3c457852765d"
